<?xml version="1.0" encoding="UTF-8" standalone="yes"?>
<addon id="script.module.accountmgr" version="2.4.9" name="Account Manager" provider-name="Zaxxon709">
	<requires>
		<import addon="xbmc.python" version="3.0.0" />
		<import addon="script.module.requests" version="2.19.1" />
            	<import addon="script.module.acctview" version="2.3.2" />
	</requires>
	<extension point="xbmc.service" library="lib/startup.py" start="startup" />
	<extension point="xbmc.python.script" library="lib/default.py">
		<provides>executable</provides>
	</extension>
	<extension point="xbmc.python.module" library="lib" />
	<extension point="xbmc.addon.metadata">
		<reuselanguageinvoker>false</reuselanguageinvoker>
		<summary lang="en">Account Manager</summary>
		<description>Account Manager for Trakt, Debrid, Metadata, Furk, Easynews and File Pursuit</description>
		<platform>all</platform>
		<license>GNU GENERAL PUBLIC LICENSE. Version 3, 29 June 2007</license>
		<disclaimer lang="en">The author is not responsible for the use of this addon. [CR]The author is in no way affiliated with Kodi, Team Kodi, or the XBMC Foundation.[CR]This is a Non-profit resource, organized solely for educational purposes which is protected under the Fair-Use doctrine of the Copyright Act, Specifically section 107, which does promote freedom of expression, by permitting the unlicensed use of copyright-protected works.</disclaimer>
		<assets>
			<icon>icon.png</icon>
			<fanart>fanart.png</fanart>
		</assets>
	</extension>
</addon>
